Country,Alzheimer
Austria,0.026195626051429943
Germany,0.012705798138869006
Sweden,0.015309518526736189
Netherlands,0.013113161728994658
Spain,0.038537699923838535
Italy,0.02085572995054827
France,0.013819664703217037
Denmark,0.008384710234278668
Switzerland,0.005342237061769616
Belgium,0.01843817787418655
Israel,0.0412573673870334
Czech Republic,0.010692279811525915
Luxembourg,0.0138801261829653
Slovenia,0.022953066118533743
Estonia,0.014796547472256474
