Country,Alzheimer
Austria,0.018753781004234724
Germany,0.018645121193287758
Sweden,0.025510204081632654
Netherlands,0.011670313639679067
Spain,0.030385984122638928
Italy,0.012860817376393255
France,0.015926986399427346
Denmark,0.010767160161507403
Switzerland,0.008183306055646482
Belgium,0.013142636258214147
Czech Republic,0.013644859813084113
Poland,0.023892773892773892
Hungary,0.02072192513368984
Portugal,0.016992790937178166
Slovenia,0.012639405204460967
Estonia,0.00980537810132224
