Country,Alzheimer
Austria,0.016211604095563138
Germany,0.017180788754392814
Sweden,0.015625
Netherlands,0.011068702290076336
Spain,0.025858414582450192
Italy,0.012413793103448275
France,0.016584333098094567
Denmark,0.008330027766759222
Greece,0.007886435331230283
Switzerland,0.006920415224913495
Belgium,0.011542160949022122
Israel,0.029863481228668942
Czech Republic,0.008374571754853444
Poland,0.017901748542880933
Ireland,0.006018054162487462
