Country,Cancer
Austria,0.05948779995966929
Germany,0.06525792417650715
Sweden,0.03826530612244898
Netherlands,0.04741064916119621
Spain,0.041609635915685735
Italy,0.03572449271220349
France,0.0610236220472441
Denmark,0.029161058770749215
Switzerland,0.05973813420621931
Belgium,0.06204097410127561
Czech Republic,0.055514018691588785
Poland,0.03263403263403263
Hungary,0.04946524064171123
Portugal,0.05664263645726056
Slovenia,0.05539033457249071
Estonia,0.06804338136978161
