Country,Cancer
Austria,0.0429042904290429
Germany,0.0613013698630137
Sweden,0.0732196589769308
Netherlands,0.06133894146512443
Spain,0.0367094206103494
Italy,0.04710144927536232
France,0.05908622466506355
Denmark,0.0782608695652174
Greece,0.021779947427713105
Switzerland,0.05263157894736842
Belgium,0.06336088154269973
Israel,0.049583150504607286
