Country,Cancer
Austria,0.026450511945392493
Germany,0.04841858648965248
Sweden,0.06613372093023256
Netherlands,0.04007633587786259
Spain,0.02161933022467147
Italy,0.034482758620689655
France,0.04551870148200424
Denmark,0.06386354621182071
Greece,0.01892744479495268
Switzerland,0.04152249134948097
Belgium,0.03783263866623918
Israel,0.05716723549488054
Czech Republic,0.04225352112676056
Poland,0.028309741881765195
Ireland,0.04914744232698094
