Country,Cancer
Austria,0.03773131458783946
Germany,0.09681460272011454
Sweden,0.0880852007987575
Netherlands,0.05876639145216124
Spain,0.047677075399847675
Italy,0.043001505052676844
France,0.052333484367920256
Denmark,0.05967940813810111
Switzerland,0.03939899833055092
Belgium,0.048264642082429504
Israel,0.05579567779960707
Czech Republic,0.05491119971003987
Luxembourg,0.10031545741324921
Slovenia,0.04316546762589928
Estonia,0.04738418178615466
