Country,Diabetes
Austria,0.0891089108910891
Germany,0.11164383561643836
Sweden,0.08525576730190572
Netherlands,0.07886435331230283
Spain,0.15081822202565237
Italy,0.11634460547504026
France,0.09549982823771899
Denmark,0.07515527950310559
Greece,0.09087495306045813
Switzerland,0.05894736842105263
Belgium,0.0815426997245179
Israel,0.19745502413339183
