Country,Parkinson
Austria,0.008411439557798606
Germany,0.007695060844667144
Sweden,0.006656312402928777
Netherlands,0.004613890237979602
Spain,0.012947448591012947
Italy,0.007310255858955063
France,0.01042138649750793
Denmark,0.005178791615289766
Switzerland,0.004340567612687813
Belgium,0.008857556037599421
Israel,0.012966601178781925
Czech Republic,0.009967379485320768
Luxembourg,0.00946372239747634
Slovenia,0.006851661527920521
Estonia,0.010392813105513475
